,Date,Action,Type,HMC_Shares,HYMTF_Shares,HMC_Price,HYMTF_Price
0,2014-02-27,Open Position,upper,1372.495184769358,789.8894250021771,36.43000030517578,63.29999923706055
1,2014-02-28,Close Position,upper,1386.9625813638966,1111.111111111111,36.04999923706055,45.0
2,2014-03-03,Open Position,lower,1373.6263160443016,1111.111111111111,36.400001525878906,45.0
3,2014-03-04,Close Position,lower,1353.9127968269322,779.4232082727134,36.93000030517578,64.1500015258789
4,2014-03-13,Open Position,lower,1395.0892797747285,817.6614677407623,35.84000015258789,61.150001525878906
5,2014-03-18,Close Position,lower,1414.0271249136406,817.6614677407623,35.36000061035156,61.150001525878906
6,2014-03-20,Open Position,upper,1428.5714285714287,817.6614677407623,35.0,61.150001525878906
7,2014-03-25,Close Position,upper,1443.001379456122,877.1929824561404,34.650001525878906,57.0
8,2014-03-26,Open Position,lower,1451.3787777267305,877.1929824561404,34.45000076293945,57.0
9,2014-03-28,Close Position,lower,1435.1320258615451,813.0081300813008,34.84000015258789,61.5
10,2014-04-01,Open Position,upper,1420.454514667023,793.6507936507936,35.20000076293945,63.0
11,2014-04-17,Close Position,upper,1463.2719543263381,793.6507936507936,34.16999816894531,63.0
12,2014-04-21,Open Position,lower,1478.8523504615603,793.6507936507936,33.810001373291016,63.0
13,2014-04-22,Close Position,lower,1485.8840336618393,769.2307692307693,33.650001525878906,65.0
14,2014-04-28,Open Position,upper,1529.9877458104281,781.005976597707,32.68000030517578,64.0199966430664
15,2014-04-30,Close Position,upper,1501.5015359025454,781.005976597707,33.29999923706055,64.0199966430664
16,2014-05-01,Open Position,lower,1485.0015657594024,781.005976597707,33.66999816894531,64.0199966430664
17,2014-05-12,Close Position,lower,1520.6812158070932,769.2307692307693,32.880001068115234,65.0
18,2014-05-13,Open Position,upper,1480.6040663971942,763.3587786259542,33.77000045776367,65.5
19,2014-05-27,Close Position,upper,1433.486194635079,714.2857142857143,34.880001068115234,70.0
20,2014-06-02,Open Position,lower,1417.635365779927,714.2857142857143,35.27000045776367,70.0
21,2014-06-05,Close Position,lower,1427.348037178653,680.2721088435375,35.029998779296875,73.5
22,2014-06-06,Open Position,upper,1424.9073748240635,680.2721088435375,35.09000015258789,73.5
23,2014-06-18,Close Position,upper,1428.5714285714287,680.2721088435375,35.0,73.5
24,2014-06-19,Open Position,lower,1402.5244841491578,689.6551724137931,35.650001525878906,72.5
25,2014-06-24,Close Position,lower,1433.8973768731755,682.2213040716024,34.869998931884766,73.29000091552734
26,2014-06-27,Open Position,upper,1434.7202923732978,666.6666666666666,34.849998474121094,75.0
27,2014-07-08,Close Position,upper,1428.9796399401291,681.7562380238057,34.9900016784668,73.33999633789062
28,2014-07-09,Open Position,lower,1412.0305059434836,680.7352222932476,35.40999984741211,73.44999694824219
29,2014-07-16,Close Position,lower,1400.952701706802,664.0988098286542,35.689998626708984,75.29000091552734
30,2014-07-17,Open Position,upper,1424.5014864278282,657.8947368421053,35.099998474121094,76.0
31,2014-07-23,Close Position,upper,1422.4750449352869,675.8583094240138,35.150001525878906,73.9800033569336
32,2014-07-24,Open Position,lower,1423.2848983708432,675.8583094240138,35.130001068115234,73.9800033569336
33,2014-07-31,Close Position,lower,1433.486194635079,634.5177419239279,34.880001068115234,78.80000305175781
34,2014-08-01,Open Position,upper,1445.0867689314282,625.0,34.599998474121094,80.0
35,2014-08-11,Close Position,upper,1469.7236721697207,649.3506493506494,34.02000045776367,77.0
36,2014-08-12,Open Position,upper,1474.491307136229,641.025641025641,33.90999984741211,78.0
37,2014-08-13,Close Position,upper,1456.0279492669704,671.1409395973154,34.34000015258789,74.5
38,2014-08-14,Open Position,lower,1466.2757254357537,671.1409395973154,34.099998474121094,74.5
39,2014-08-18,Close Position,lower,1465.416224068974,645.1612903225806,34.119998931884766,77.5
40,2014-08-19,Open Position,upper,1467.1360714082634,640.6149653427069,34.08000183105469,78.05000305175781
41,2014-08-20,Close Position,upper,1466.7057722557483,680.2721088435375,34.09000015258789,73.5
42,2014-08-21,Open Position,lower,1439.677531213132,680.2721088435375,34.72999954223633,73.5
43,2014-08-29,Close Position,lower,1468.4288141063812,684.931506849315,34.04999923706055,73.0
44,2014-09-10,Open Position,lower,1460.7070017136605,751.8796992481203,34.22999954223633,66.5
45,2014-09-17,Close Position,lower,1473.6221500231716,720.461079260283,33.93000030517578,69.4000015258789
46,2014-09-19,Open Position,lower,1450.9576705859379,847.457627118644,34.459999084472656,59.0
47,2014-10-13,Close Position,lower,1592.864000388883,965.250979467723,31.389999389648438,51.79999923706055
48,2014-10-17,Open Position,lower,1606.1677272068616,1012.1457177244574,31.1299991607666,49.400001525878906
49,2014-10-24,Close Position,lower,1609.2694075027373,869.5652173913044,31.06999969482422,57.5
50,2014-10-27,Open Position,upper,1622.3231828388625,869.5652173913044,30.81999969482422,57.5
51,2014-11-03,Close Position,upper,1543.209803865701,866.5511150584742,32.400001525878906,57.70000076293945
52,2014-11-06,Open Position,lower,1579.2798560005995,896.8609865470852,31.65999984741211,55.75
53,2014-11-11,Close Position,lower,1612.3830903242438,838.9261959748286,31.010000228881836,59.599998474121094
54,2014-11-12,Open Position,upper,1603.0778821373533,838.9261959748286,31.190000534057617,59.599998474121094
55,2014-11-19,Close Position,upper,1606.1677272068616,890.947985595779,31.1299991607666,56.119998931884766
56,2014-11-20,Open Position,lower,1604.6213172286837,887.3114703448067,31.15999984741211,56.349998474121094
57,2014-11-24,Close Position,lower,1578.2828130791133,858.3690987124463,31.68000030517578,58.25
58,2014-11-26,Open Position,lower,1614.4656476772873,899.9279835157845,30.969999313354492,55.560001373291016
59,2014-12-02,Close Position,lower,1625.4876341988104,892.8571428571429,30.760000228881836,56.0
60,2014-12-08,Open Position,upper,1637.1970694532192,892.8571428571429,30.540000915527344,56.0
61,2014-12-12,Close Position,upper,1704.1581370131596,925.0693932612754,29.34000015258789,54.04999923706055
62,2014-12-16,Open Position,upper,1731.9015776422013,877.1929824561404,28.8700008392334,57.0
63,2014-12-18,Close Position,upper,1658.925050183394,925.925925925926,30.139999389648438,54.0
64,2014-12-29,Open Position,upper,1664.4473527347848,869.5652173913044,30.040000915527344,57.5
65,2015-01-06,Close Position,upper,1734.9063334299583,904.6498929959135,28.81999969482422,55.27000045776367
66,2015-01-08,Open Position,upper,1696.0651552373479,873.3624454148471,29.479999542236328,57.25
67,2015-01-14,Close Position,upper,1652.892561983471,868.8097421867807,30.25,57.54999923706055
68,2015-01-15,Open Position,lower,1650.165058052014,896.8609865470852,30.299999237060547,55.75
69,2015-02-18,Close Position,lower,1503.7593984962407,1005.0251256281407,33.25,49.75
70,2015-02-25,Open Position,lower,1500.1499325875618,1021.4504437322811,33.33000183105469,48.95000076293945
71,2015-03-04,Close Position,lower,1511.4872198423288,1021.4504437322811,33.08000183105469,48.95000076293945
72,2015-03-06,Open Position,upper,1491.6467576723837,1008.0645471408151,33.52000045776367,49.599998474121094
73,2015-03-11,Close Position,upper,1497.9028879588707,1030.9278350515465,33.380001068115234,48.5
74,2015-03-12,Open Position,lower,1457.7259799462583,1020.4081632653061,34.29999923706055,49.0
75,2015-03-17,Close Position,lower,1470.1559090740336,1000.0,34.0099983215332,50.0
76,2015-03-19,Open Position,upper,1474.0566833454716,1000.0,33.91999816894531,50.0
77,2015-03-24,Close Position,upper,1469.2918540572775,1010.10101010101,34.029998779296875,49.5
78,2015-03-31,Open Position,upper,1526.2516044494091,1010.10101010101,32.7599983215332,49.5
79,2015-04-06,Close Position,upper,1474.491307136229,1010.10101010101,33.90999984741211,49.5
80,2015-04-07,Open Position,lower,1481.0427276623532,1010.10101010101,33.7599983215332,49.5
81,2015-04-17,Close Position,lower,1421.2620683986709,947.6876723021662,35.18000030517578,52.7599983215332
82,2015-04-20,Open Position,upper,1428.1634503606092,947.6876723021662,35.0099983215332,52.7599983215332
83,2015-05-01,Close Position,upper,1461.1337877378555,925.925925925926,34.220001220703125,54.0
84,2015-05-07,Open Position,lower,1461.56098620576,952.3809523809524,34.209999084472656,52.5
85,2015-05-15,Close Position,lower,1428.5714285714287,925.925925925926,35.0,54.0
86,2015-05-21,Open Position,upper,1464.55772975674,952.9254590577647,34.13999938964844,52.470001220703125
87,2015-05-28,Close Position,upper,1445.5044746872945,956.9377990430622,34.59000015258789,52.25
88,2015-06-02,Open Position,lower,1474.9261872991517,1047.1204188481674,33.900001525878906,47.75
89,2015-06-08,Close Position,lower,1484.5605566195984,998.004022411842,33.68000030517578,50.099998474121094
90,2015-06-09,Open Position,lower,1496.557923626358,1083.893319797898,33.40999984741211,46.130001068115234
91,2015-06-24,Close Position,lower,1534.2129415740314,1111.111111111111,32.59000015258789,45.0
92,2015-06-29,Open Position,upper,1562.5,1111.111111111111,32.0,45.0
93,2015-07-09,Close Position,upper,1597.4441283946694,1312.3360105634079,31.299999237060547,38.099998474121094
94,2015-07-10,Open Position,lower,1578.2828130791133,1312.3360105634079,31.68000030517578,38.099998474121094
95,2015-07-23,Close Position,lower,1590.3307617898138,1136.3636363636363,31.440000534057617,44.0
96,2015-07-24,Open Position,upper,1608.2341510004162,1136.3636363636363,31.09000015258789,44.0
97,2015-07-31,Close Position,upper,1472.3204166062897,1157.4073869668575,33.959999084472656,43.20000076293945
98,2015-08-03,Open Position,lower,1443.4180392896205,1157.4073869668575,34.63999938964844,43.20000076293945
99,2015-08-14,Close Position,lower,1467.1360714082634,1201.3455377985456,34.08000183105469,41.619998931884766
100,2015-08-17,Open Position,upper,1465.416224068974,1201.3455377985456,34.119998931884766,41.619998931884766
101,2015-08-18,Close Position,upper,1472.7540169772565,1234.567901234568,33.95000076293945,40.5
102,2015-08-20,Open Position,upper,1545.1173997816804,1250.0,32.36000061035156,40.0
103,2015-08-24,Close Position,upper,1652.892561983471,1515.1515151515152,30.25,33.0
104,2015-08-25,Open Position,lower,1667.7785444779329,1515.1515151515152,29.979999542236328,33.0
105,2015-08-26,Close Position,lower,1608.2341510004162,1252.505067470072,31.09000015258789,39.91999816894531
106,2015-08-27,Open Position,upper,1593.8794600689553,1252.505067470072,31.3700008392334,39.91999816894531
107,2015-09-23,Close Position,upper,1624.9593518411648,1142.857142857143,30.770000457763672,43.75
108,2015-09-28,Open Position,upper,1686.3406625054945,1128.6681909956094,29.649999618530273,44.29999923706055
109,2015-10-06,Close Position,upper,1626.0162601626016,1104.9723756906078,30.75,45.25
110,2015-10-07,Open Position,lower,1550.3875968992247,1086.9565217391305,32.25,46.0
111,2015-10-14,Close Position,lower,1574.3072934404804,1052.6315789473683,31.760000228881836,47.5
112,2015-10-15,Open Position,upper,1544.6401498255693,1052.6315789473683,32.369998931884766,47.5
113,2015-10-21,Close Position,upper,1529.0519520925363,1052.6315789473683,32.70000076293945,47.5
114,2015-10-22,Open Position,lower,1513.3171493497812,1052.6315789473683,33.040000915527344,47.5
115,2015-10-30,Close Position,lower,1509.2061089041342,1053.7407628252813,33.130001068115234,47.45000076293945
116,2015-11-04,Open Position,upper,1558.1177862963568,980.3921568627451,32.09000015258789,51.0
117,2015-11-13,Close Position,upper,1556.177975033383,1008.4711204807227,32.130001068115234,49.58000183105469
118,2015-11-16,Open Position,lower,1533.2719737554448,1008.4711204807227,32.61000061035156,49.58000183105469
119,2015-11-20,Close Position,lower,1525.3203740684364,980.0078312698553,32.779998779296875,51.02000045776367
120,2015-11-25,Open Position,lower,1533.7424030768461,1030.9278350515465,32.599998474121094,48.5
121,2015-12-16,Close Position,lower,1524.855096186443,1097.6948592200815,32.790000915527344,45.54999923706055
122,2015-12-18,Open Position,upper,1565.4351648079971,1101.3215488880326,31.940000534057617,45.400001525878906
123,2015-12-21,Close Position,upper,1557.147276536678,1129.9435028248588,32.11000061035156,44.25
124,2015-12-23,Open Position,lower,1544.1630126823954,1129.9435028248588,32.380001068115234,44.25
125,2015-12-29,Close Position,lower,1542.7337314224771,1116.071447578012,32.40999984741211,44.79999923706055
126,2015-12-31,Open Position,lower,1565.9254469814432,1158.7485105884145,31.93000030517578,43.150001525878906
127,2016-01-04,Close Position,lower,1613.4236969759077,1158.7485105884145,30.989999771118164,43.150001525878906
128,2016-01-06,Open Position,upper,1653.4391659537762,1158.7485105884145,30.239999771118164,43.150001525878906
129,2016-01-07,Close Position,upper,1694.915254237288,1267.7485228445146,29.5,39.439998626708984
130,2016-01-08,Open Position,lower,1730.7027018462131,1267.7485228445146,28.889999389648438,39.439998626708984
131,2016-01-21,Close Position,lower,1810.2823490496232,1321.0040162666357,27.6200008392334,37.849998474121094
132,2016-01-22,Open Position,upper,1740.947116831947,1257.861635220126,28.719999313354492,39.75
133,2016-02-16,Close Position,upper,1928.268392269155,1265.8227848101267,25.93000030517578,39.5
134,2016-02-17,Open Position,lower,1905.4878214989158,1265.8227848101267,26.239999771118164,39.5
135,2016-02-18,Close Position,lower,1904.7619047619048,1210.653775391175,26.25,41.29999923706055
136,2016-02-19,Open Position,upper,1928.268392269155,1210.653775391175,25.93000030517578,41.29999923706055
137,2016-02-26,Close Position,upper,1917.177919718906,1215.657639230186,26.079999923706055,41.130001068115234
138,2016-03-01,Open Position,lower,1871.9581323035889,1215.657639230186,26.709999084472656,41.130001068115234
139,2016-03-10,Close Position,lower,1808.9725435640094,1200.4801480963424,27.639999389648438,41.650001525878906
140,2016-03-14,Open Position,upper,1789.5489994372845,1169.5906432748538,27.940000534057617,42.75
141,2016-04-01,Close Position,upper,1901.8637603191983,1190.4761904761904,26.290000915527344,42.0
142,2016-04-04,Open Position,lower,1910.584633329536,1204.8192771084337,26.170000076293945,41.5
143,2016-04-11,Close Position,lower,1912.77739737822,1182.0331182463285,26.139999389648438,42.29999923706055
144,2016-04-12,Open Position,lower,1838.235242556537,1182.0331182463285,27.200000762939453,42.29999923706055
145,2016-04-13,Close Position,lower,1792.7572999000438,1136.3636363636363,27.889999389648438,44.0
146,2016-04-15,Open Position,upper,1815.5409708722802,1133.7868873020748,27.540000915527344,44.099998474121094
147,2016-04-19,Close Position,upper,1754.3859649122808,1133.7868873020748,28.5,44.099998474121094
148,2016-04-21,Open Position,upper,1770.538257976064,1111.111111111111,28.239999771118164,45.0
149,2016-04-25,Close Position,upper,1742.7674823723162,1144.1647397499216,28.690000534057617,43.70000076293945
150,2016-04-26,Open Position,lower,1741.5535212274424,1144.1647397499216,28.709999084472656,43.70000076293945
151,2016-04-28,Close Position,lower,1836.2100932996796,1144.1647397499216,27.229999542236328,43.70000076293945
152,2016-05-02,Open Position,lower,1844.337841176891,1201.9231210093542,27.110000610351562,41.599998474121094
153,2016-05-13,Close Position,lower,1902.587469314949,1244.4001896525435,26.280000686645508,40.18000030517578
154,2016-05-20,Open Position,lower,1865.6716949027814,1282.051282051282,26.799999237060547,39.0
155,2016-05-26,Close Position,lower,1801.8018018018017,1231.2238179886879,27.75,40.61000061035156
156,2016-05-27,Open Position,upper,1840.2649929922313,1231.2238179886879,27.170000076293945,40.61000061035156
157,2016-06-17,Close Position,upper,1926.7822169549838,1251.8778597694698,25.950000762939453,39.939998626708984
158,2016-06-20,Open Position,lower,1903.3117293008388,1251.8778597694698,26.270000457763672,39.939998626708984
159,2016-06-21,Close Position,lower,1893.2222752322148,1216.545057330911,26.40999984741211,41.099998474121094
160,2016-06-27,Open Position,upper,2019.3860879563492,1249.0632406878692,24.760000228881836,40.029998779296875
161,2016-06-29,Close Position,upper,1960.0156625397105,1249.0632406878692,25.510000228881836,40.029998779296875
162,2016-07-05,Open Position,upper,2012.0724037205348,1225.790607446805,24.850000381469727,40.790000915527344
163,2016-07-08,Close Position,upper,1992.8258149031053,1277.7919405870423,25.09000015258789,39.130001068115234
164,2016-07-11,Open Position,lower,1939.4879235166536,1277.7919405870423,25.780000686645508,39.130001068115234
165,2016-07-12,Close Position,lower,1917.9133327694938,1216.545057330911,26.06999969482422,41.099998474121094
166,2016-07-14,Open Position,upper,1928.268392269155,1198.7533228839952,25.93000030517578,41.709999084472656
167,2016-07-15,Close Position,upper,1888.9309141301824,1218.0268192273013,26.469999313354492,41.04999923706055
168,2016-07-21,Open Position,lower,1858.0453468418884,1224.5897075118608,26.90999984741211,40.83000183105469
169,2016-07-26,Close Position,lower,1854.5994695080315,1169.5906432748538,26.959999084472656,42.75
170,2016-07-27,Open Position,upper,1842.299230819831,1169.5906432748538,27.139999389648438,42.75
171,2016-08-02,Close Position,upper,1782.5312427794443,1169.5906432748538,28.049999237060547,42.75
172,2016-08-03,Open Position,lower,1765.5367421892322,1169.5906432748538,28.31999969482422,42.75
173,2016-08-26,Close Position,lower,1653.9861315625128,1173.7089622285857,30.229999542236328,42.599998474121094
174,2016-08-30,Open Position,lower,1618.12299732249,1173.7089622285857,30.899999618530273,42.599998474121094
175,2016-09-06,Close Position,lower,1624.9593518411648,1152.6048586649422,30.770000457763672,43.380001068115234
176,2016-09-07,Open Position,upper,1619.1710284605701,1152.6048586649422,30.8799991607666,43.380001068115234
177,2016-09-22,Close Position,upper,1656.1775129349382,1145.475332236961,30.190000534057617,43.650001525878906
178,2016-09-23,Open Position,upper,1695.4900097682898,1096.4912647612475,29.489999771118164,45.599998474121094
179,2016-10-05,Close Position,upper,1672.2408240103427,1083.4235828131486,29.899999618530273,46.150001525878906
180,2016-10-11,Open Position,upper,1715.2658886559866,1083.4235828131486,29.149999618530273,46.150001525878906
181,2016-10-14,Close Position,upper,1700.1020149410058,1166.3168006942092,29.40999984741211,42.869998931884766
182,2016-10-17,Open Position,lower,1715.2658886559866,1166.3168006942092,29.149999618530273,42.869998931884766
183,2016-11-01,Close Position,lower,1722.3561425198723,1213.5922105364714,29.030000686645508,41.20000076293945
184,2016-11-04,Open Position,upper,1804.4028023089174,1242.2360248447205,27.709999084472656,40.25
185,2016-11-10,Close Position,upper,1763.6684066036648,1388.888888888889,28.350000381469727,36.0
186,2016-11-21,Open Position,upper,1748.2517249333878,1251.5644316678877,28.600000381469727,39.95000076293945
187,2016-11-22,Close Position,upper,1753.1556520851693,1305.483054725967,28.520000457763672,38.29999923706055
188,2016-11-29,Open Position,lower,1700.1020149410058,1315.7894736842106,29.40999984741211,38.0
189,2016-12-08,Close Position,lower,1649.076533748622,1246.8828404636465,30.31999969482422,40.099998474121094
190,2016-12-09,Open Position,upper,1632.3865938607034,1257.861635220126,30.6299991607666,39.75
191,2016-12-16,Close Position,upper,1659.4756519312111,1279.4267568398066,30.1299991607666,39.08000183105469
192,2016-12-27,Open Position,upper,1673.3601540943685,1250.0,29.8799991607666,40.0
193,2017-01-05,Close Position,upper,1630.7893101382485,1219.5121951219512,30.65999984741211,41.0
194,2017-01-09,Open Position,lower,1643.1153302188957,1243.781070922148,30.43000030517578,40.20000076293945
195,2017-01-11,Close Position,lower,1656.7262920612081,1204.8192771084337,30.18000030517578,41.5
196,2017-01-12,Open Position,upper,1657.8249420744035,1204.8192771084337,30.15999984741211,41.5
197,2017-01-17,Close Position,upper,1685.7720922868648,1315.7894736842106,29.65999984741211,38.0
198,2017-01-18,Open Position,upper,1667.2224201932954,1111.111111111111,29.989999771118164,45.0
199,2017-01-23,Close Position,upper,1646.9037877078295,1218.0268192273013,30.360000610351562,41.04999923706055
200,2017-01-25,Open Position,lower,1623.9038166051203,1257.861635220126,30.790000915527344,39.75
201,2017-01-30,Close Position,lower,1669.4490392758419,1230.6177377690979,29.950000762939453,40.630001068115234
202,2017-01-31,Open Position,upper,1682.3688141046766,1212.121212121212,29.719999313354492,41.25
203,2017-02-01,Close Position,upper,1668.8919068062808,1263.2642164450262,29.959999084472656,39.58000183105469
204,2017-02-03,Open Position,lower,1609.787535728245,1263.2642164450262,31.059999465942383,39.58000183105469
205,2017-02-09,Close Position,lower,1595.914462871325,1221.896437863128,31.329999923706055,40.91999816894531
206,2017-02-13,Open Position,lower,1556.177975033383,1243.781070922148,32.130001068115234,40.20000076293945
207,2017-02-16,Close Position,lower,1587.3015873015872,1243.781070922148,31.5,40.20000076293945
208,2017-02-21,Open Position,upper,1573.316517296705,1204.8192771084337,31.780000686645508,41.5
209,2017-03-03,Close Position,upper,1605.1364562539636,1209.7749282563743,31.149999618530273,41.33000183105469
210,2017-03-07,Open Position,lower,1609.2694075027373,1209.7749282563743,31.06999969482422,41.33000183105469
211,2017-03-14,Close Position,lower,1626.0162601626016,1209.7749282563743,30.75,41.33000183105469
212,2017-03-15,Open Position,lower,1604.6213172286837,1209.7749282563743,31.15999984741211,41.33000183105469
213,2017-03-20,Close Position,lower,1613.4236969759077,1141.5525312998964,30.989999771118164,43.79999923706055
214,2017-03-21,Open Position,upper,1623.9038166051203,1066.0980463382405,30.790000915527344,46.900001525878906
215,2017-03-29,Close Position,upper,1623.9038166051203,1156.0693641618498,30.790000915527344,43.25
216,2017-03-30,Open Position,lower,1631.3213906133678,1161.4402064136714,30.649999618530273,43.04999923706055
217,2017-04-04,Close Position,lower,1687.4789543094396,1145.475332236961,29.6299991607666,43.650001525878906
218,2017-04-06,Open Position,upper,1740.947116831947,1145.475332236961,28.719999313354492,43.650001525878906
219,2017-04-07,Close Position,upper,1737.9214182983214,1282.051282051282,28.770000457763672,39.0
220,2017-04-10,Open Position,lower,1744.591774815198,1282.051282051282,28.65999984741211,39.0
221,2017-04-18,Close Position,lower,1760.5634039296351,1242.2360248447205,28.399999618530273,40.25
222,2017-04-19,Open Position,upper,1773.6785758337512,1242.2360248447205,28.190000534057617,40.25
223,2017-04-24,Close Position,upper,1734.9063334299583,1278.772428420764,28.81999969482422,39.099998474121094
224,2017-04-25,Open Position,lower,1726.5193915979182,1278.772428420764,28.959999084472656,39.099998474121094
225,2017-05-03,Close Position,lower,1728.9073260060457,1216.545057330911,28.920000076293945,41.099998474121094
226,2017-05-04,Open Position,upper,1724.732680053811,1216.545057330911,28.989999771118164,41.099998474121094
227,2017-05-31,Close Position,upper,1790.1897405541513,1086.9565217391305,27.93000030517578,46.0
228,2017-06-01,Open Position,upper,1767.4089212403253,1054.8522867177878,28.290000915527344,47.400001525878906
229,2017-06-02,Close Position,upper,1742.7674823723162,1054.8522867177878,28.690000534057617,47.400001525878906
230,2017-06-05,Open Position,upper,1773.04959742094,1054.8522867177878,28.200000762939453,47.400001525878906
231,2017-06-21,Close Position,upper,1813.5654897880402,1036.2694300518135,27.56999969482422,48.25
232,2017-06-29,Open Position,upper,1838.9113283529018,1036.2694300518135,27.190000534057617,48.25
233,2017-07-05,Close Position,upper,1799.855967031569,1079.9136247064516,27.780000686645508,46.29999923706055
234,2017-07-06,Open Position,lower,1830.1610746164288,1079.9136247064516,27.31999969482422,46.29999923706055
235,2017-07-18,Close Position,lower,1807.664507441349,1064.2826838482322,27.65999984741211,46.97999954223633
236,2017-07-19,Open Position,upper,1803.1013640603787,1064.2826838482322,27.729999542236328,46.97999954223633
237,2017-07-21,Close Position,upper,1816.8604348948872,1101.3215488880326,27.520000457763672,45.400001525878906
238,2017-07-27,Open Position,lower,1807.0111984870252,1101.3215488880326,27.670000076293945,45.400001525878906
239,2017-08-07,Close Position,lower,1774.3080006573516,1101.3215488880326,28.18000030517578,45.400001525878906
240,2017-08-09,Open Position,upper,1794.0437206450877,1101.3215488880326,27.8700008392334,45.400001525878906
241,2017-08-15,Close Position,upper,1808.318288962701,1159.2858511882478,27.649999618530273,43.130001068115234
242,2017-08-16,Open Position,lower,1803.7518484321106,1159.2858511882478,27.719999313354492,43.130001068115234
243,2017-08-23,Close Position,lower,1803.1013640603787,1150.4832271812897,27.729999542236328,43.459999084472656
244,2017-08-24,Open Position,upper,1800.504111479821,1136.3636363636363,27.770000457763672,44.0
245,2017-08-31,Close Position,upper,1779.359406449404,1197.6047904191616,28.100000381469727,41.75
246,2017-09-01,Open Position,lower,1772.4211847819943,1197.6047904191616,28.209999084472656,41.75
247,2017-09-14,Close Position,lower,1710.5713576133228,1020.4081632653061,29.229999542236328,49.0
248,2017-09-15,Open Position,lower,1704.1581370131596,1289.9897359443999,29.34000015258789,38.7599983215332
249,2017-09-20,Close Position,lower,1686.3406625054945,1204.8192771084337,29.649999618530273,41.5
250,2017-10-02,Open Position,lower,1678.9791419454841,1250.0,29.780000686645508,40.0
251,2017-10-05,Close Position,lower,1662.2340467692286,1225.4902189944812,30.079999923706055,40.79999923706055
252,2017-10-13,Open Position,upper,1652.3463192930583,1204.8192771084337,30.260000228881836,41.5
253,2017-10-18,Close Position,upper,1641.4970946433182,1225.4902189944812,30.459999084472656,40.79999923706055
254,2017-10-24,Open Position,lower,1626.545230067881,1219.5121951219512,30.739999771118164,41.0
255,2017-10-31,Close Position,lower,1608.2341510004162,1104.9723756906078,31.09000015258789,45.25
256,2017-11-01,Open Position,upper,1568.8735074787874,1081.081081081081,31.8700008392334,46.25
257,2017-11-08,Close Position,upper,1486.3258295832727,1086.9565217391305,33.63999938964844,46.0
258,2017-11-13,Open Position,upper,1523.9255686439105,1086.9565217391305,32.810001373291016,46.0
259,2017-11-15,Close Position,upper,1554.726375535834,1127.6499735664022,32.15999984741211,44.34000015258789
260,2017-11-16,Open Position,lower,1533.7424030768461,1127.6499735664022,32.599998474121094,44.34000015258789
261,2017-12-05,Close Position,lower,1506.0240617769525,1162.7906976744187,33.20000076293945,43.0
262,2017-12-06,Open Position,upper,1509.2061089041342,1162.7906976744187,33.130001068115234,43.0
263,2017-12-07,Close Position,upper,1499.2504434085345,1176.4705882352941,33.349998474121094,42.5
264,2017-12-08,Open Position,lower,1501.9524969937345,1204.8192771084337,33.290000915527344,41.5
265,2017-12-15,Close Position,lower,1484.5605566195984,1162.7906976744187,33.68000030517578,43.0
266,2017-12-18,Open Position,upper,1469.2918540572775,1162.7906976744187,34.029998779296875,43.0
267,2017-12-20,Close Position,upper,1465.416224068974,1190.7596570933424,34.119998931884766,41.9900016784668
268,2017-12-21,Open Position,lower,1462.8437552245616,1199.0407454485494,34.18000030517578,41.70000076293945
269,2017-12-29,Close Position,lower,1467.1360714082634,1126.126087424954,34.08000183105469,44.400001525878906
270,2018-01-02,Open Position,upper,1450.1160285327853,1126.126087424954,34.47999954223633,44.400001525878906
271,2018-01-05,Close Position,upper,1403.7058253598982,1197.6047904191616,35.619998931884766,41.75
272,2018-01-08,Open Position,lower,1396.648074456925,1197.6047904191616,35.79999923706055,41.75
273,2018-01-16,Close Position,lower,1399.3842888493505,1176.4705882352941,35.72999954223633,42.5
274,2018-01-17,Open Position,upper,1376.2729832086127,1141.5525312998964,36.33000183105469,43.79999923706055
275,2018-01-30,Close Position,upper,1395.478577862194,1204.8192771084337,35.83000183105469,41.5
276,2018-01-31,Open Position,upper,1416.8319269722763,1052.6315789473683,35.290000915527344,47.5
277,2018-02-05,Close Position,upper,1434.7202923732978,1176.4705882352941,34.849998474121094,42.5
278,2018-02-06,Open Position,lower,1382.743368666756,1187.6484991023228,36.15999984741211,42.099998474121094
279,2018-03-01,Close Position,lower,1423.6902483105137,1234.567901234568,35.119998931884766,40.5
280,2018-03-02,Open Position,upper,1435.543995734724,1234.567901234568,34.83000183105469,40.5
281,2018-03-13,Close Position,upper,1444.6691452829798,1253.1327841571708,34.61000061035156,39.900001525878906
282,2018-03-14,Open Position,lower,1445.0867689314282,1253.1327841571708,34.599998474121094,39.900001525878906
283,2018-03-15,Close Position,lower,1439.677531213132,1215.657639230186,34.72999954223633,41.130001068115234
284,2018-03-16,Open Position,upper,1438.4350521969354,1215.657639230186,34.7599983215332,41.130001068115234
285,2018-03-23,Close Position,upper,1519.295054142389,1366.120275533719,32.90999984741211,36.599998474121094
286,2018-03-26,Open Position,lower,1486.3258295832727,1366.120275533719,33.63999938964844,36.599998474121094
287,2018-04-06,Close Position,lower,1460.7070017136605,1366.120275533719,34.22999954223633,36.599998474121094
288,2018-04-10,Open Position,lower,1413.6274105150403,1366.120275533719,35.369998931884766,36.599998474121094
289,2018-04-16,Close Position,lower,1425.3134945887414,1226.993865030675,35.08000183105469,40.75
290,2018-04-17,Open Position,upper,1429.3882405466554,1226.993865030675,34.97999954223633,40.75
291,2018-05-04,Close Position,upper,1493.8750575566792,1250.0,33.470001220703125,40.0
292,2018-05-07,Open Position,lower,1505.1173438500468,1250.0,33.220001220703125,40.0
293,2018-05-15,Close Position,lower,1522.070085920689,1250.0,32.849998474121094,40.0
294,2018-05-16,Open Position,upper,1508.2955565165498,1144.1647397499216,33.150001525878906,43.70000076293945
295,2018-05-24,Close Position,upper,1544.1630126823954,1215.066783619811,32.380001068115234,41.150001525878906
296,2018-05-25,Open Position,lower,1560.5492687663693,1227.5963801116873,32.040000915527344,40.72999954223633
297,2018-06-01,Close Position,lower,1562.011953195414,1203.3694565125882,32.0099983215332,41.54999923706055
298,2018-06-05,Open Position,upper,1564.9451895474672,1203.3694565125882,31.950000762939453,41.54999923706055
299,2018-06-08,Close Position,upper,1554.726375535834,1218.0268192273013,32.15999984741211,41.04999923706055
300,2018-06-11,Open Position,lower,1530.4561616880603,1219.5121951219512,32.66999816894531,41.0
301,2018-06-15,Close Position,lower,1571.3387957113307,1225.4902189944812,31.81999969482422,40.79999923706055
302,2018-06-18,Open Position,upper,1578.7811771249937,1219.5121951219512,31.670000076293945,41.0
303,2018-06-21,Close Position,upper,1631.3213906133678,1338.6881403661578,30.649999618530273,37.349998474121094
304,2018-06-22,Open Position,lower,1637.1970694532192,1338.6881403661578,30.540000915527344,37.349998474121094
305,2018-07-02,Close Position,lower,1724.1379310344828,1338.6881403661578,29.0,37.349998474121094
306,2018-07-03,Open Position,upper,1730.1038290651293,1338.6881403661578,28.899999618530273,37.349998474121094
307,2018-07-09,Close Position,upper,1697.7928252864813,1338.6881403661578,29.450000762939453,37.349998474121094
308,2018-07-10,Open Position,lower,1688.6186750877728,1436.781640694753,29.610000610351562,34.79999923706055
309,2018-07-19,Close Position,lower,1701.8380336364642,1424.5014864278282,29.3799991607666,35.099998474121094
310,2018-07-20,Open Position,upper,1712.915350640785,1424.5014864278282,29.190000534057617,35.099998474121094
311,2018-07-24,Close Position,upper,1686.3406625054945,1424.5014864278282,29.649999618530273,35.099998474121094
312,2018-07-25,Open Position,lower,1674.4808766904882,1424.5014864278282,29.860000610351562,35.099998474121094
313,2018-07-27,Close Position,lower,1648.5328099496562,1388.888888888889,30.329999923706055,36.0
314,2018-07-31,Open Position,upper,1630.7893101382485,1356.4839710273436,30.65999984741211,36.86000061035156
315,2018-08-06,Close Position,upper,1650.7097553228816,1428.5714285714287,30.290000915527344,35.0
316,2018-08-07,Open Position,lower,1627.074544250427,1428.5714285714287,30.729999542236328,35.0
317,2018-08-13,Close Position,lower,1684.0686797106869,1425.3134945887414,29.690000534057617,35.08000183105469
318,2018-08-16,Open Position,upper,1678.4155241142898,1406.8654674163251,29.790000915527344,35.540000915527344
319,2018-08-21,Close Position,upper,1648.5328099496562,1406.8654674163251,30.329999923706055,35.540000915527344
320,2018-08-22,Open Position,lower,1640.4199721431978,1412.4293176498277,30.479999542236328,35.400001525878906
321,2018-08-31,Close Position,lower,1687.4789543094396,1459.85401459854,29.6299991607666,34.25
322,2018-09-04,Open Position,upper,1725.3278395373502,1459.85401459854,28.979999542236328,34.25
323,2018-09-06,Close Position,upper,1739.1304347826087,1552.7949942643304,28.75,32.20000076293945
324,2018-09-07,Open Position,lower,1745.2007213173208,1552.7949942643304,28.649999618530273,32.20000076293945
325,2018-09-18,Close Position,lower,1684.0686797106869,1052.6315789473683,29.690000534057617,47.5
326,2018-09-19,Open Position,upper,1651.25491632012,1052.6315789473683,30.280000686645508,47.5
327,2018-09-21,Close Position,upper,1619.6954532133943,1395.868241931468,30.8700008392334,35.81999969482422
328,2018-10-02,Open Position,upper,1641.4970946433182,1392.757600969932,30.459999084472656,35.900001525878906
329,2018-10-10,Close Position,upper,1795.9770016507061,1552.7949942643304,27.84000015258789,32.20000076293945
330,2018-10-11,Open Position,lower,1842.299230819831,1552.7949942643304,27.139999389648438,32.20000076293945
331,2018-10-22,Close Position,lower,1846.3810982595162,1612.9032258064517,27.079999923706055,31.0
332,2018-10-24,Open Position,upper,1920.122820356185,1612.9032258064517,26.040000915527344,31.0
333,2018-10-30,Close Position,upper,1797.9144538004282,1612.9032258064517,27.809999465942383,31.0
334,2018-10-31,Open Position,lower,1754.3859649122808,1612.9032258064517,28.5,31.0
335,2018-11-15,Close Position,lower,1771.793097682274,1821.4935741461088,28.219999313354492,27.450000762939453
336,2018-11-19,Open Position,upper,1782.5312427794443,1801.8018018018017,28.049999237060547,27.75
337,2018-11-26,Close Position,upper,1767.4089212403253,1851.851851851852,28.290000915527344,27.0
338,2018-11-29,Open Position,upper,1797.2681721237498,1819.5051249237026,27.81999969482422,27.479999542236328
339,2018-12-19,Close Position,upper,1868.460372658571,1980.1980198019803,26.760000228881836,25.25
340,2018-12-20,Open Position,lower,1886.080707970969,1980.1980198019803,26.510000228881836,25.25
341,2019-01-03,Close Position,lower,1914.2418986793364,1980.1980198019803,26.1200008392334,25.25
342,2019-01-04,Open Position,lower,1830.8312331662162,1980.1980198019803,27.309999465942383,25.25
343,2019-01-17,Close Position,lower,1692.6201235734595,1522.070085920689,29.540000915527344,32.849998474121094
344,2019-01-18,Open Position,upper,1680.1075139601448,1428.5714285714287,29.760000228881836,35.0
345,2019-01-31,Close Position,upper,1662.7868476036672,1111.111111111111,30.06999969482422,45.0
346,2019-02-01,Open Position,lower,1716.443578458523,1396.648074456925,29.1299991607666,35.79999923706055
347,2019-02-12,Close Position,lower,1859.4273385981548,1414.4272180550115,26.889999389648438,35.349998474121094
348,2019-02-14,Open Position,lower,1830.1610746164288,1515.1515151515152,27.31999969482422,33.0
349,2019-02-25,Close Position,lower,1761.1835531856686,1542.7337314224771,28.389999389648438,32.40999984741211
350,2019-03-06,Open Position,upper,1808.9725435640094,1542.7337314224771,27.639999389648438,32.40999984741211
351,2019-03-08,Close Position,upper,1848.4288876243743,1639.344262295082,27.049999237060547,30.5
352,2019-03-11,Open Position,lower,1822.8217077549748,1639.344262295082,27.43000030517578,30.5
353,2019-03-21,Close Position,lower,1807.664507441349,1613.4236969759077,27.65999984741211,30.989999771118164
354,2019-03-22,Open Position,upper,1832.8445286468307,1613.4236969759077,27.280000686645508,30.989999771118164
355,2019-03-28,Close Position,upper,1831.501882685899,1647.4464372833297,27.299999237060547,30.350000381469727
356,2019-04-01,Open Position,lower,1792.7572999000438,1639.344262295082,27.889999389648438,30.5
357,2019-04-11,Close Position,lower,1802.4513486859544,1718.2130358953177,27.739999771118164,29.100000381469727
358,2019-04-12,Open Position,upper,1791.4726002635982,1612.9032258064517,27.90999984741211,31.0
359,2019-05-03,Close Position,upper,1788.269014206337,1492.5373134328358,27.959999084472656,33.5
360,2019-05-06,Open Position,upper,1803.7518484321106,1428.5714285714287,27.719999313354492,35.0
361,2019-05-21,Close Position,upper,1944.7686417926436,1428.5714285714287,25.709999084472656,35.0
362,2019-05-23,Open Position,lower,1977.848047544285,1694.915254237288,25.280000686645508,29.5
363,2019-06-03,Close Position,lower,2013.6931193569308,1666.6666666666667,24.829999923706055,30.0
364,2019-06-06,Open Position,upper,1964.6364833438631,1499.2504434085345,25.450000762939453,33.349998474121094
365,2019-06-18,Close Position,upper,1931.9938802702393,1499.2504434085345,25.8799991607666,33.349998474121094
366,2019-06-20,Open Position,lower,1926.0401295586441,1666.6666666666667,25.959999084472656,30.0
367,2019-07-01,Close Position,lower,1914.2418986793364,1639.344262295082,26.1200008392334,30.5
368,2019-07-10,Open Position,upper,1894.6571108907513,1612.9032258064517,26.389999389648438,31.0
369,2019-07-15,Close Position,upper,1883.948691604878,1481.4814814814815,26.540000915527344,33.75
370,2019-07-24,Open Position,lower,1896.8133096463214,1515.1515151515152,26.360000610351562,33.0
371,2019-07-25,Close Position,lower,1920.8604948540058,1515.1515151515152,26.030000686645508,33.0
372,2019-07-26,Open Position,upper,1941.7475728155339,1515.1515151515152,25.75,33.0
373,2019-07-29,Close Position,upper,1958.480166675221,1612.9032258064517,25.530000686645508,31.0
374,2019-07-30,Open Position,lower,1974.7235625054425,1612.9032258064517,25.31999969482422,31.0
375,2019-07-31,Close Position,lower,2009.6463700386798,1577.287028284716,24.8799991607666,31.700000762939453
376,2019-08-02,Open Position,upper,2044.1537968715738,1577.287028284716,24.459999084472656,31.700000762939453
377,2019-08-05,Close Position,upper,2074.6887638410394,1666.6666666666667,24.100000381469727,30.0
378,2019-08-09,Open Position,lower,2088.5546735418325,1785.7142857142858,23.940000534057617,28.0
379,2019-08-20,Close Position,lower,2155.1723429195686,1785.7142857142858,23.200000762939453,28.0
380,2019-08-23,Open Position,upper,2183.4061499084432,1785.7142857142858,22.899999618530273,28.0
381,2019-08-26,Close Position,upper,2136.752171585738,1785.7142857142858,23.399999618530273,28.0
382,2019-08-28,Open Position,lower,2131.2873807012734,1785.7142857142858,23.459999084472656,28.0
383,2019-09-12,Close Position,lower,1853.2246422660828,1574.8031496062993,26.979999542236328,31.75
384,2019-09-13,Open Position,upper,1845.018424213333,1574.8031496062993,27.100000381469727,31.75
385,2019-09-16,Close Position,upper,1851.166219041158,1785.076743713972,27.010000228881836,28.010000228881836
386,2019-09-17,Open Position,lower,1852.5379927385068,1785.076743713972,26.989999771118164,28.010000228881836
387,2019-09-19,Close Position,lower,1876.1726347355745,1428.5714285714287,26.649999618530273,35.0
388,2019-09-20,Open Position,upper,1874.0629470795118,1428.5714285714287,26.68000030517578,35.0
389,2019-09-30,Close Position,upper,1917.177919718906,1666.6666666666667,26.079999923706055,30.0
390,2019-10-01,Open Position,lower,1912.045916993791,1612.9032258064517,26.149999618530273,31.0
391,2019-10-09,Close Position,lower,1951.6002483275524,1672.8003018064999,25.6200008392334,29.889999389648438
392,2019-10-16,Open Position,upper,1864.2804089833419,1538.4615384615386,26.81999969482422,32.5
393,2019-10-25,Close Position,upper,1848.4288876243743,1592.3567072431808,27.049999237060547,31.399999618530273
394,2019-10-30,Open Position,upper,1823.4865011261495,1459.85401459854,27.420000076293945,34.25
395,2019-10-31,Close Position,upper,1853.9118010003785,1592.3567072431808,26.969999313354492,31.399999618530273
396,2019-11-01,Open Position,lower,1820.1675009031612,1592.3567072431808,27.469999313354492,31.399999618530273
397,2019-11-19,Close Position,lower,1739.7355740498913,1594.8963123315898,28.739999771118164,31.350000381469727
398,2019-11-20,Open Position,upper,1759.324414700007,1594.8963123315898,28.420000076293945,31.350000381469727
399,2019-11-29,Close Position,upper,1778.0938302903369,1628.6644546393366,28.1200008392334,30.700000762939453
400,2019-12-04,Open Position,lower,1753.1556520851693,1639.344262295082,28.520000457763672,30.5
401,2019-12-11,Close Position,lower,1732.501695861569,1612.9032258064517,28.860000610351562,31.0
402,2019-12-16,Open Position,lower,1703.5774906349834,1612.9032258064517,29.350000381469727,31.0
403,2019-12-18,Close Position,lower,1719.986258166431,1612.9032258064517,29.06999969482422,31.0
404,2019-12-19,Open Position,upper,1726.5193915979182,1612.9032258064517,28.959999084472656,31.0
405,2020-01-02,Close Position,upper,1745.8100930711564,1587.3015873015872,28.639999389648438,31.5
406,2020-01-03,Open Position,upper,1777.4618376006163,1587.3015873015872,28.1299991607666,31.5
407,2020-01-09,Close Position,upper,1783.8030244437982,1650.165058052014,28.030000686645508,30.299999237060547
408,2020-01-10,Open Position,upper,1803.7518484321106,1515.1515151515152,27.719999313354492,33.0
409,2020-01-14,Close Position,upper,1793.4003409283164,1597.4441283946694,27.8799991607666,31.299999237060547
410,2020-01-15,Open Position,lower,1810.938025885228,1785.7142857142858,27.610000610351562,28.0
411,2020-01-21,Close Position,lower,1812.2508054901223,1587.3015873015872,27.59000015258789,31.5
412,2020-01-22,Open Position,upper,1822.1573989381545,1529.0519520925363,27.440000534057617,32.70000076293945
413,2020-01-30,Close Position,upper,1893.2222752322148,1582.2784619116667,26.40999984741211,31.600000381469727
414,2020-02-03,Open Position,upper,1931.2476314692935,1471.4538161735757,25.889999389648438,33.97999954223633
415,2020-02-04,Close Position,upper,1917.9133327694938,1586.797830428778,26.06999969482422,31.510000228881836
416,2020-02-05,Open Position,lower,1900.4181305561679,1639.344262295082,26.309999465942383,30.5
417,2020-02-06,Close Position,lower,1883.2392254914314,1471.4538161735757,26.549999237060547,33.97999954223633
418,2020-02-07,Open Position,upper,1887.5047350704247,1471.4538161735757,26.489999771118164,33.97999954223633
419,2020-02-12,Close Position,upper,1840.9425729346665,1501.5015359025454,27.15999984741211,33.29999923706055
420,2020-02-18,Open Position,lower,1848.4288876243743,1501.5015359025454,27.049999237060547,33.29999923706055
421,2020-03-02,Close Position,lower,1926.7822169549838,1515.1515151515152,25.950000762939453,33.0
422,2020-03-04,Open Position,lower,1924.557385719494,1818.1818181818182,25.979999542236328,27.5
423,2020-03-09,Close Position,lower,2145.9228170476044,1519.756768420523,23.299999237060547,32.900001525878906
424,2020-03-17,Open Position,lower,2349.6239843346452,2617.800994837077,21.280000686645508,19.100000381469727
425,2020-03-24,Close Position,lower,2299.908027893614,2083.3333333333335,21.739999771118164,24.0
426,2020-03-27,Open Position,upper,2165.439569925515,2136.752171585738,23.09000015258789,23.399999618530273
427,2020-03-30,Close Position,upper,2135.839398799796,2747.252632088603,23.40999984741211,18.200000762939453
428,2020-04-03,Open Position,upper,2517.6232861714348,2320.185696991239,19.860000610351562,21.549999237060547
429,2020-04-16,Close Position,upper,2379.8191078202112,2127.659574468085,21.010000228881836,23.5
430,2020-04-20,Open Position,lower,2239.1401778250265,2150.537634408602,22.329999923706055,23.25
431,2020-04-28,Close Position,lower,2143.1633160527385,1706.484686073191,23.329999923706055,29.299999237060547
432,2020-04-29,Open Position,lower,2092.925963893706,2173.913043478261,23.889999389648438,23.0
433,2020-05-04,Close Position,lower,2201.673360444393,1792.7572999000438,22.709999084472656,27.889999389648438
434,2020-05-05,Open Position,upper,2186.2701427725874,1661.1295470541318,22.8700008392334,30.100000381469727
435,2020-05-06,Close Position,upper,2188.1837709091524,2173.913043478261,22.850000381469727,23.0
436,2020-05-11,Open Position,lower,2085.070932213083,2148.689257258621,23.979999542236328,23.270000457763672
437,2020-05-15,Close Position,lower,2179.59890305007,1888.9309141301824,22.940000534057617,26.469999313354492
438,2020-05-18,Open Position,upper,2094.679440388565,1888.9309141301824,23.8700008392334,26.469999313354492
439,2020-05-19,Close Position,upper,2109.7045734355756,2223.210338321586,23.700000762939453,22.489999771118164
440,2020-05-22,Open Position,lower,2117.746662745871,2246.1814683688167,23.610000610351562,22.260000228881836
441,2020-06-02,Close Position,lower,1888.9309141301824,2008.0321592772482,26.469999313354492,24.899999618530273
442,2020-06-08,Open Position,upper,1779.9928703593678,1754.3859649122808,28.09000015258789,28.5
443,2020-06-11,Close Position,upper,1938.7358753406086,2232.142895156024,25.790000915527344,22.399999618530273
444,2020-06-16,Open Position,upper,1831.501882685899,1743.3751557867547,27.299999237060547,28.68000030517578
445,2020-06-18,Close Position,upper,1833.5166542237876,2082.465619465283,27.270000457763672,24.010000228881836
446,2020-06-23,Open Position,lower,1852.5379927385068,2150.537634408602,26.989999771118164,23.25
447,2020-06-29,Close Position,lower,1954.652077761068,2222.222222222222,25.579999923706055,22.5
448,2020-07-01,Open Position,upper,1970.8316257789625,1980.1980198019803,25.3700008392334,25.25
449,2020-07-06,Close Position,upper,1912.045916993791,2173.913043478261,26.149999618530273,23.0
450,2020-07-15,Open Position,lower,1886.7924528301887,2195.8717169437723,26.5,22.770000457763672
451,2020-07-20,Close Position,lower,1906.9413161476998,2109.7045734355756,26.219999313354492,23.700000762939453
452,2020-07-21,Open Position,upper,1932.7405635090672,1724.1379310344828,25.8700008392334,29.0
453,2020-08-03,Close Position,upper,1993.6204207376861,2011.2630238303489,25.079999923706055,24.860000610351562
454,2020-08-04,Open Position,lower,1926.0401295586441,2011.2630238303489,25.959999084472656,24.860000610351562
455,2020-08-05,Close Position,lower,1952.3623119239599,1724.1379310344828,25.610000610351562,29.0
456,2020-08-06,Open Position,upper,1980.9825853173902,1667.2224201932954,25.239999771118164,29.989999771118164
457,2020-08-19,Close Position,upper,1959.2476137589192,1449.2753623188405,25.520000457763672,34.5
458,2020-08-20,Open Position,lower,1998.401242414249,1506.0240617769525,25.020000457763672,33.20000076293945
459,2020-08-27,Close Position,lower,1971.608785355895,1408.4507042253522,25.360000610351562,35.5
460,2020-08-28,Open Position,upper,1944.7686417926436,1315.7894736842106,25.709999084472656,38.0
461,2020-09-01,Close Position,upper,1965.4087637719529,1433.0754048346178,25.440000534057617,34.88999938964844
462,2020-09-04,Open Position,lower,1922.337545559856,1428.5714285714287,26.010000228881836,35.0
463,2020-09-09,Close Position,lower,1977.065962433454,1315.7894736842106,25.290000915527344,38.0
464,2020-09-16,Open Position,upper,2002.402938523868,1333.3333333333333,24.969999313354492,37.5
465,2020-09-23,Close Position,upper,2079.0021449543765,1492.982905168043,24.049999237060547,33.4900016784668
466,2020-10-13,Open Position,upper,2076.411966711697,1351.3513513513512,24.079999923706055,37.0
467,2020-10-15,Close Position,upper,2078.138034490667,1381.2154405032113,24.059999465942383,36.20000076293945
468,2020-10-20,Open Position,lower,2039.983661080571,1381.2154405032113,24.510000228881836,36.20000076293945
469,2020-10-30,Close Position,lower,2116.850051797999,1439.263027756039,23.6200008392334,34.7400016784668
470,2020-11-02,Open Position,lower,2063.5576122419193,1439.263027756039,24.229999542236328,34.7400016784668
471,2020-11-17,Close Position,lower,1712.915350640785,1326.25992010992,29.190000534057617,37.70000076293945
472,2020-11-19,Open Position,upper,1757.4691971584327,1323.801943182726,28.450000762939453,37.77000045776367
473,2020-12-11,Close Position,upper,1704.1581370131596,1241.310861848859,29.34000015258789,40.279998779296875
474,2020-12-14,Open Position,upper,1709.9863334946926,1201.634204916623,29.239999771118164,41.61000061035156
475,2020-12-18,Close Position,upper,1680.672268907563,1224.8897690790468,29.75,40.81999969482422
476,2020-12-21,Open Position,lower,1724.1379310344828,1263.2642164450262,29.0,39.58000183105469
477,2020-12-23,Close Position,lower,1742.7674823723162,1227.2949911641165,28.690000534057617,40.7400016784668
478,2020-12-28,Open Position,upper,1760.5634039296351,1212.4150815955757,28.399999618530273,41.2400016784668
479,2021-01-07,Close Position,upper,1774.9378723671632,1182.0331182463285,28.170000076293945,42.29999923706055
480,2021-01-08,Open Position,upper,1774.3080006573516,919.9632272999537,28.18000030517578,54.349998474121094
481,2021-01-15,Close Position,upper,1824.8175436537463,961.5384615384615,27.399999618530273,52.0
482,2021-01-25,Open Position,upper,1835.5359919280781,847.457627118644,27.239999771118164,59.0
483,2021-01-27,Close Position,upper,1864.2804089833419,930.4056278069417,26.81999969482422,53.7400016784668
484,2021-01-28,Open Position,lower,1855.2875170511302,923.3610081452061,26.950000762939453,54.150001525878906
485,2021-02-03,Close Position,lower,1808.318288962701,891.2656213897221,27.649999618530273,56.099998474121094
486,2021-02-04,Open Position,upper,1797.9144538004282,854.846957858912,27.809999465942383,58.4900016784668
487,2021-02-08,Close Position,upper,1738.5257163450292,942.5070823576972,28.760000228881836,53.04999923706055
488,2021-02-09,Open Position,lower,1686.9096163835331,946.0738210708437,29.639999389648438,52.849998474121094
489,2021-03-01,Close Position,lower,1755.6180057464237,1015.0223650767629,28.479999542236328,49.2599983215332
490,2021-03-02,Open Position,lower,1760.5634039296351,1041.0160581047585,28.399999618530273,48.029998779296875
491,2021-03-18,Close Position,lower,1629.1951492315386,1020.4081632653061,30.690000534057617,49.0
492,2021-03-22,Open Position,lower,1616.5534919711292,1070.4346174269356,30.93000030517578,46.709999084472656
493,2021-04-01,Close Position,lower,1662.7868476036672,1079.9136247064516,30.06999969482422,46.29999923706055
494,2021-04-05,Open Position,upper,1643.1153302188957,1032.6311832053732,30.43000030517578,48.41999816894531
495,2021-04-12,Close Position,upper,1678.9791419454841,1051.5247277024123,29.780000686645508,47.54999923706055
496,2021-04-15,Open Position,upper,1634.521077168744,1000.0,30.59000015258789,50.0
497,2021-04-19,Close Position,upper,1629.7261897864093,1010.7135388360385,30.68000030517578,49.470001220703125
498,2021-04-20,Open Position,lower,1672.8003018064999,1050.4202017397906,29.889999389648438,47.599998474121094
499,2021-04-27,Close Position,lower,1656.7262920612081,1016.2601468425821,30.18000030517578,49.20000076293945
500,2021-04-30,Open Position,lower,1676.7270459992114,1056.858984329424,29.81999969482422,47.310001373291016
501,2021-05-07,Close Position,lower,1616.5534919711292,1000.0,30.93000030517578,50.0
502,2021-05-10,Open Position,upper,1597.4441283946694,976.562485448085,31.299999237060547,51.20000076293945
503,2021-05-17,Close Position,upper,1672.2408240103427,1024.5901799528745,29.899999618530273,48.79999923706055
504,2021-05-19,Open Position,lower,1646.9037877078295,1020.4081632653061,30.360000610351562,49.0
505,2021-05-25,Close Position,lower,1645.8196636348528,1002.8078497379595,30.3799991607666,49.86000061035156
506,2021-05-26,Open Position,lower,1640.4199721431978,1025.6410256410256,30.479999542236328,48.75
507,2021-06-01,Close Position,lower,1606.1677272068616,1002.4057523920438,31.1299991607666,49.880001068115234
508,2021-06-03,Open Position,lower,1512.4016310657116,999.600150788072,33.060001373291016,50.02000045776367
509,2021-06-04,Close Position,lower,1506.0240617769525,974.6588838909496,33.20000076293945,51.29999923706055
510,2021-06-08,Open Position,upper,1521.143949642745,961.5384615384615,32.869998931884766,52.0
511,2021-06-10,Close Position,upper,1527.1837946448597,985.2216748768473,32.7400016784668,50.75
512,2021-06-11,Open Position,upper,1508.750782162595,963.3911084774919,33.13999938964844,51.900001525878906
513,2021-06-16,Close Position,upper,1524.3902793602892,974.8488810196762,32.79999923706055,51.290000915527344
514,2021-06-18,Open Position,upper,1576.7897017847395,986.3878744248887,31.709999084472656,50.689998626708984
515,2021-07-01,Close Position,upper,1549.4266901372405,965.8103063142192,32.27000045776367,51.77000045776367
516,2021-07-02,Open Position,lower,1546.551103253336,997.8048172218773,32.33000183105469,50.11000061035156
517,2021-07-15,Close Position,lower,1559.0895065730078,1004.4194701907992,32.06999969482422,49.779998779296875
518,2021-07-16,Open Position,upper,1579.7788500043541,1006.0362018602674,31.649999618530273,49.70000076293945
519,2021-07-26,Close Position,upper,1587.8056641289259,1046.0251212981973,31.489999771118164,47.79999923706055
520,2021-07-27,Open Position,lower,1598.4654380569336,1054.8522867177878,31.280000686645508,47.400001525878906
521,2021-08-12,Close Position,lower,1526.7175572519084,1067.6916089045114,32.75,46.83000183105469
522,2021-08-13,Open Position,lower,1536.570331691083,1110.617492039086,32.540000915527344,45.02000045776367
523,2021-08-20,Close Position,lower,1677.8523919496572,1179.5234895004482,29.799999237060547,42.38999938964844
524,2021-08-24,Open Position,upper,1655.6290972468623,1128.6681909956094,30.200000762939453,44.29999923706055
525,2021-09-01,Close Position,upper,1642.0360836527386,1151.2779103996745,30.450000762939453,43.43000030517578
526,2021-09-03,Open Position,lower,1622.3231828388625,1145.475332236961,30.81999969482422,43.650001525878906
527,2021-09-08,Close Position,lower,1603.5920304882152,1128.6681909956094,31.18000030517578,44.29999923706055
528,2021-09-14,Open Position,upper,1615.5088454754302,1128.6681909956094,30.950000762939453,44.29999923706055
529,2021-09-17,Close Position,upper,1613.9445041576876,1162.7906976744187,30.979999542236328,43.0
530,2021-09-20,Open Position,lower,1644.7368627439907,1213.5922105364714,30.399999618530273,41.20000076293945
531,2021-10-07,Close Position,lower,1654.5334591686951,1250.0,30.219999313354492,40.0
532,2021-10-08,Open Position,upper,1647.4464372833297,1219.5121951219512,30.350000381469727,41.0
533,2021-10-18,Close Position,upper,1628.1342067926207,1193.3173789771404,30.709999084472656,41.900001525878906
534,2021-10-21,Open Position,upper,1671.1229903911576,1188.2128760531664,29.920000076293945,42.08000183105469
535,2021-10-25,Close Position,upper,1666.6666666666667,1204.5290778550243,30.0,41.5099983215332
536,2021-10-27,Open Position,upper,1712.915350640785,1196.1722706365315,29.190000534057617,41.79999923706055
537,2021-10-29,Close Position,upper,1690.331309295539,1234.567901234568,29.579999923706055,40.5
538,2021-11-01,Open Position,lower,1644.1959964118514,1242.8536059888945,30.40999984741211,40.22999954223633
539,2021-11-05,Close Position,lower,1683.5016402555616,1210.653775391175,29.700000762939453,41.29999923706055
540,2021-11-08,Open Position,upper,1692.0474210128505,1184.5534490521457,29.549999237060547,42.209999084472656
541,2021-11-19,Close Position,upper,1725.3278395373502,1201.9231210093542,28.979999542236328,41.599998474121094
542,2021-11-23,Open Position,upper,1721.7630311184182,1176.4705882352941,29.040000915527344,42.5
543,2021-11-26,Close Position,upper,1786.990736884183,1243.781070922148,27.979999542236328,40.20000076293945
544,2021-11-29,Open Position,lower,1812.2508054901223,1278.772428420764,27.59000015258789,39.099998474121094
545,2021-12-03,Close Position,lower,1771.793097682274,1221.0011982527476,28.219999313354492,40.95000076293945
546,2021-12-08,Open Position,upper,1759.324414700007,1219.5121951219512,28.420000076293945,41.0
547,2021-12-09,Close Position,upper,1778.7263932533465,1240.6948125700999,28.110000610351562,40.29999923706055
548,2021-12-13,Open Position,upper,1800.504111479821,1229.1052021855178,27.770000457763672,40.68000030517578
549,2021-12-15,Close Position,upper,1770.538257976064,1229.407480971535,28.239999771118164,40.66999816894531
550,2021-12-16,Open Position,upper,1776.1989583504842,1204.8192771084337,28.149999618530273,41.5
551,2021-12-23,Close Position,upper,1780.6267854647808,1219.5121951219512,28.079999923706055,41.0
552,2021-12-27,Open Position,upper,1772.4211847819943,1190.4761904761904,28.209999084472656,42.0
553,2021-12-29,Close Position,upper,1774.3080006573516,1203.3694565125882,28.18000030517578,41.54999923706055
554,2021-12-30,Open Position,lower,1770.538257976064,1234.567901234568,28.239999771118164,40.5
555,2022-01-12,Close Position,lower,1631.8538184074584,1176.74742350832,30.639999389648438,42.4900016784668
556,2022-01-18,Open Position,lower,1644.1959964118514,1216.545057330911,30.40999984741211,41.099998474121094
557,2022-01-19,Close Position,lower,1678.9791419454841,1184.8341018019744,29.780000686645508,42.20000076293945
558,2022-01-20,Open Position,upper,1696.640691041422,1190.4761904761904,29.469999313354492,42.0
559,2022-01-21,Close Position,upper,1678.9791419454841,1210.653775391175,29.780000686645508,41.29999923706055
560,2022-01-24,Open Position,lower,1693.1933233110874,1241.6190571550012,29.530000686645508,40.27000045776367
561,2022-02-01,Close Position,lower,1713.5023809828847,1250.0,29.18000030517578,40.0
562,2022-02-02,Open Position,upper,1679.5431384335293,1228.1994872132207,29.770000457763672,40.709999084472656
563,2022-02-07,Close Position,upper,1692.0474210128505,1277.7919405870423,29.549999237060547,39.130001068115234
564,2022-02-08,Open Position,lower,1689.1891674197793,1301.7443425834529,29.600000381469727,38.40999984741211
565,2022-03-02,Close Position,lower,1688.6186750877728,1366.8670720938119,29.610000610351562,36.58000183105469
566,2022-03-03,Open Position,upper,1734.3045484674622,1330.4948792919402,28.829999923706055,37.58000183105469
567,2022-03-14,Close Position,upper,1875.4688779510068,1435.543995734724,26.65999984741211,34.83000183105469
568,2022-03-15,Open Position,lower,1840.9425729346665,1470.5882352941176,27.15999984741211,34.0
569,2022-03-23,Close Position,lower,1762.425044797816,1408.4507042253522,28.3700008392334,35.5
570,2022-03-24,Open Position,lower,1755.6180057464237,1439.263027756039,28.479999542236328,34.7400016784668
571,2022-03-28,Close Position,lower,1773.04959742094,1388.888888888889,28.200000762939453,36.0
572,2022-03-30,Open Position,upper,1751.9270636321958,1388.888888888889,28.540000915527344,36.0
573,2022-04-01,Close Position,upper,1766.7844999275478,1449.2753623188405,28.299999237060547,34.5
574,2022-04-05,Open Position,upper,1823.4865011261495,1397.0382431118549,27.420000076293945,35.790000915527344
575,2022-04-20,Close Position,upper,1868.460372658571,1380.8340586631134,26.760000228881836,36.209999084472656
576,2022-04-26,Open Position,upper,1935.7336487682833,1357.2204069735233,25.829999923706055,36.84000015258789
577,2022-04-29,Close Position,upper,1904.7619047619048,1386.1935243424643,26.25,36.06999969482422
578,2022-05-03,Open Position,lower,1881.113624662061,1373.6263160443016,26.579999923706055,36.400001525878906
579,2022-05-09,Close Position,lower,1945.525234073231,1389.2747337635035,25.700000762939453,35.9900016784668
580,2022-05-10,Open Position,upper,1950.8389245887313,1383.508601118612,25.6299991607666,36.13999938964844
581,2022-05-17,Close Position,upper,1984.1269240567972,1418.4397163120568,25.200000762939453,35.25
582,2022-05-19,Open Position,lower,1999.200301576144,1416.8319269722763,25.010000228881836,35.290000915527344
583,2022-05-20,Close Position,lower,1998.401242414249,1379.3103448275863,25.020000457763672,36.25
584,2022-05-23,Open Position,upper,1979.4140754927978,1351.3513513513512,25.260000228881836,37.0
585,2022-05-31,Close Position,upper,2008.0321592772482,1370.2383584571228,24.899999618530273,36.4900016784668
586,2022-06-01,Open Position,lower,1965.4087637719529,1377.4104972694438,25.440000534057617,36.29999923706055
587,2022-06-02,Close Position,lower,1934.984508697554,1303.7810166730626,25.84000015258789,38.349998474121094
588,2022-06-03,Open Position,upper,2003.2052016822572,1333.3333333333333,24.959999084472656,37.5
589,2022-06-06,Close Position,upper,1981.7677727776968,1367.989084642759,25.229999542236328,36.54999923706055
590,2022-06-07,Open Position,lower,1953.8882259421773,1369.86301369863,25.59000015258789,36.5
591,2022-06-27,Close Position,lower,2045.826469206661,1452.6438890142476,24.440000534057617,34.41999816894531
592,2022-06-28,Open Position,upper,2017.7561991330415,1395.0892797747285,24.780000686645508,35.84000015258789
593,2022-07-07,Close Position,upper,2076.411966711697,1472.7540169772565,24.079999923706055,33.95000076293945
594,2022-07-11,Open Position,lower,2090.3009966773698,1661.1295470541318,23.920000076293945,30.100000381469727
595,2022-07-12,Close Position,lower,2079.8668093105266,1467.997592014448,24.040000915527344,34.060001373291016
596,2022-07-14,Open Position,upper,2072.10947944399,1426.1265841846314,24.1299991607666,35.060001373291016
597,2022-07-21,Close Position,upper,1950.0780495410759,1412.4293176498277,25.639999389648438,35.400001525878906
598,2022-07-22,Open Position,lower,1963.864956715321,1412.4293176498277,25.459999084472656,35.400001525878906
599,2022-07-26,Close Position,lower,1978.6307516523436,1351.7166188480276,25.270000457763672,36.9900016784668
600,2022-07-29,Open Position,upper,1944.0124935788276,1331.9125940489505,25.719999313354492,37.540000915527344
601,2022-08-03,Close Position,upper,1936.4833691312094,1381.2154405032113,25.81999969482422,36.20000076293945
602,2022-08-05,Open Position,upper,1998.401242414249,1346.257426539858,25.020000457763672,37.13999938964844
603,2022-08-10,Close Position,upper,1866.3679839973527,1369.86301369863,26.790000915527344,36.5
604,2022-08-11,Open Position,lower,1851.851851851852,1385.4253197173973,27.0,36.09000015258789
605,2022-08-25,Close Position,lower,1849.7964753919925,1375.8943255381175,27.030000686645508,36.34000015258789
606,2022-08-29,Open Position,upper,1865.6716949027814,1410.4372051882033,26.799999237060547,35.45000076293945
607,2022-09-01,Close Position,upper,1914.2418986793364,1505.5706527669709,26.1200008392334,33.209999084472656
608,2022-09-08,Open Position,upper,1956.9472208623188,1450.5366472099038,25.549999237060547,34.470001220703125
609,2022-09-19,Close Position,upper,2012.8824353002624,1481.4814814814815,24.84000015258789,33.75
610,2022-09-22,Open Position,lower,2087.6826057296275,1562.5,23.950000762939453,32.0
611,2022-09-29,Close Position,lower,2253.26718326388,1639.881940811387,22.190000534057617,30.489999771118164
612,2022-10-03,Open Position,lower,2234.137706656076,1669.4490392758419,22.3799991607666,29.950000762939453
613,2022-10-05,Close Position,lower,2208.4806249094345,1626.0162601626016,22.639999389648438,30.75
614,2022-10-06,Open Position,lower,2220.248622719842,1669.4490392758419,22.520000457763672,29.950000762939453
615,2022-10-19,Close Position,lower,2296.738582849633,1785.7142857142858,21.770000457763672,28.0
616,2022-10-20,Open Position,upper,2307.337324594561,1785.7142857142858,21.670000076293945,28.0
617,2022-10-21,Close Position,upper,2272.7272727272725,1834.1892729342403,22.0,27.260000228881836
618,2022-10-24,Open Position,lower,2270.6629864020424,1847.7457866519849,22.020000457763672,27.059999465942383
619,2022-11-01,Close Position,lower,2176.7523506598704,1754.3859649122808,22.969999313354492,28.5
620,2022-11-03,Open Position,upper,2186.2701427725874,1774.3080006573516,22.8700008392334,28.18000030517578
621,2022-11-17,Close Position,upper,2120.4410585995256,1680.672268907563,23.579999923706055,29.75
622,2022-11-18,Open Position,lower,2102.6071722562756,1759.9436912547023,23.780000686645508,28.40999984741211
623,2022-11-25,Close Position,lower,2046.6639122148072,1638.8069362473568,24.43000030517578,30.510000228881836
624,2022-11-29,Open Position,upper,2074.6887638410394,1644.7368627439907,24.100000381469727,30.399999618530273
625,2022-12-01,Close Position,upper,2032.5202936851642,1667.7785444779329,24.600000381469727,29.979999542236328
626,2022-12-02,Open Position,upper,2068.6801755139522,1611.8632902046274,24.170000076293945,31.020000457763672
627,2022-12-07,Close Position,upper,2096.4360251686844,1659.4756519312111,23.850000381469727,30.1299991607666
628,2022-12-12,Open Position,upper,2081.5986281065684,1612.9032258064517,24.020000457763672,31.0
629,2022-12-14,Close Position,upper,2077.2746420412927,1655.6290972468623,24.06999969482422,30.200000762939453
630,2022-12-15,Open Position,lower,2102.6071722562756,1718.8037036002534,23.780000686645508,29.09000015258789
631,2022-12-16,Close Position,lower,2121.34071478073,1662.2340467692286,23.56999969482422,30.079999923706055
632,2022-12-19,Open Position,upper,2128.5653676964644,1620.2203179227479,23.489999771118164,30.860000610351562
633,2022-12-22,Close Position,upper,2179.59890305007,1700.6802941754438,22.940000534057617,29.399999618530273
634,2022-12-28,Open Position,upper,2237.1364271409475,1658.374813685565,22.350000381469727,30.149999618530273
635,2022-12-30,Close Position,upper,2187.226538277466,1680.672268907563,22.860000610351562,29.75
636,2023-01-06,Open Position,lower,2086.8114319921924,1639.344262295082,23.959999084472656,30.5
637,2023-01-09,Close Position,lower,2072.10947944399,1592.3567072431808,24.1299991607666,31.399999618530273
638,2023-01-10,Open Position,upper,2076.411966711697,1584.78609220589,24.079999923706055,31.549999237060547
639,2023-01-25,Close Position,upper,2075.5500076088088,1552.7949942643304,24.09000015258789,32.20000076293945
640,2023-01-27,Open Position,upper,2033.3468763617686,1449.2753623188405,24.59000015258789,34.5
641,2023-02-07,Close Position,upper,2011.2630238303489,1415.2277783368395,24.860000610351562,35.33000183105469
642,2023-02-09,Open Position,upper,2037.4897365371814,1391.594755783996,24.540000915527344,35.93000030517578
643,2023-02-10,Close Position,upper,1989.653866684599,1428.5714285714287,25.1299991607666,35.0
644,2023-02-14,Open Position,lower,1984.1269240567972,1428.5714285714287,25.200000762939453,35.0
645,2023-02-17,Close Position,lower,1957.7133205818295,1372.495184769358,25.540000915527344,36.43000030517578
646,2023-02-21,Open Position,lower,1930.501958935446,1403.7058253598982,25.899999618530273,35.619998931884766
647,2023-02-28,Close Position,lower,1925.2984721600903,1408.0541358313747,25.969999313354492,35.5099983215332
648,2023-03-02,Open Position,upper,1916.4430704321194,1389.6609404151277,26.09000015258789,35.97999954223633
649,2023-03-03,Close Position,upper,1872.6591225196432,1409.2446630524523,26.700000762939453,35.47999954223633
650,2023-03-06,Open Position,upper,1879.699221163596,1370.614052286659,26.600000381469727,36.47999954223633
651,2023-03-08,Close Position,upper,1883.2392254914314,1420.454514667023,26.549999237060547,35.20000076293945
652,2023-03-09,Open Position,lower,1893.9394213060816,1415.6285513028186,26.399999618530273,35.31999969482422
653,2023-03-10,Close Position,lower,1904.036540906345,1398.9926595365773,26.260000228881836,35.7400016784668
654,2023-03-13,Open Position,lower,1944.0124935788276,1449.2753623188405,25.719999313354492,34.5
655,2023-03-14,Close Position,lower,1967.7292522727923,1436.781640694753,25.40999984741211,34.79999923706055
656,2023-03-15,Open Position,upper,2008.8389403815984,1436.781640694753,24.889999389648438,34.79999923706055
657,2023-03-16,Close Position,upper,1960.7843137254902,1437.1945583273666,25.5,34.790000915527344
658,2023-03-20,Open Position,lower,1980.1980198019803,1470.5882352941176,25.25,34.0
659,2023-03-23,Close Position,lower,1950.0780495410759,1407.6576395164827,25.639999389648438,35.52000045776367
660,2023-03-24,Open Position,upper,1945.525234073231,1391.9822535856244,25.700000762939453,35.91999816894531
661,2023-03-29,Close Position,upper,1913.5094376533114,1428.5714285714287,26.1299991607666,35.0
662,2023-04-03,Open Position,lower,1866.3679839973527,1393.5339607454055,26.790000915527344,35.880001068115234
663,2023-04-11,Close Position,lower,1885.3694998848543,1410.8352691164616,26.520000457763672,35.439998626708984
664,2023-04-12,Open Position,upper,1891.0740919083767,1373.6263160443016,26.440000534057617,36.400001525878906
665,2023-04-21,Close Position,upper,1929.0123400010816,1391.2076213281282,25.920000076293945,35.939998626708984
666,2023-04-25,Open Position,upper,1932.7405635090672,1362.3977918412254,25.8700008392334,36.70000076293945
667,2023-05-11,Close Position,upper,1812.2508054901223,1250.0,27.59000015258789,40.0
668,2023-05-15,Open Position,lower,1811.5941778598428,1253.1327841571708,27.600000381469727,39.900001525878906
669,2023-05-18,Close Position,lower,1767.4089212403253,1195.314315355346,28.290000915527344,41.83000183105469
670,2023-05-22,Open Position,upper,1750.700312849259,1192.1793428042247,28.559999465942383,41.939998626708984
671,2023-05-25,Close Position,upper,1739.7355740498913,1234.567901234568,28.739999771118164,40.5
672,2023-05-30,Open Position,lower,1731.9015776422013,1230.0122539520355,28.8700008392334,40.650001525878906
673,2023-06-05,Close Position,lower,1676.1649389165684,1195.600200020761,29.829999923706055,41.81999969482422
674,2023-06-07,Open Position,upper,1670.5646338183806,1190.4761904761904,29.93000030517578,42.0
675,2023-06-08,Close Position,upper,1665.0016269308728,1219.5121951219512,30.030000686645508,41.0
676,2023-06-13,Open Position,lower,1571.832783384133,1192.4636211802763,31.809999465942383,41.93000030517578
677,2023-06-21,Close Position,lower,1606.6837612987572,1196.7448889629063,31.1200008392334,41.779998779296875
678,2023-06-22,Open Position,upper,1614.9871278606226,1190.4761904761904,30.959999084472656,42.0
679,2023-06-28,Close Position,upper,1636.661252002404,1223.6906327243885,30.549999237060547,40.86000061035156
680,2023-06-29,Open Position,upper,1646.361495499455,1195.600200020761,30.3700008392334,41.81999969482422
681,2023-06-30,Close Position,upper,1649.6206163309948,1250.0,30.309999465942383,40.0
682,2023-07-03,Open Position,upper,1630.2575766423613,1183.4319526627219,30.670000076293945,42.25
683,2023-07-17,Close Position,upper,1657.8249420744035,1174.2601655675298,30.15999984741211,42.58000183105469
684,2023-07-18,Open Position,lower,1626.0162601626016,1184.5534490521457,30.75,42.209999084472656
685,2023-08-01,Close Position,lower,1565.9254469814432,1202.7904827294328,31.93000030517578,41.56999969482422
686,2023-08-02,Open Position,lower,1588.8147788672554,1245.3299651252123,31.469999313354492,40.150001525878906
687,2023-08-17,Close Position,lower,1653.9861315625128,1316.1357670679076,30.229999542236328,37.9900016784668
688,2023-08-22,Open Position,lower,1623.3766635888994,1356.4839710273436,30.799999237060547,36.86000061035156
689,2023-08-24,Close Position,lower,1619.1710284605701,1315.7894736842106,30.8799991607666,38.0
690,2023-08-28,Open Position,lower,1568.3814716511329,1315.7894736842106,31.8799991607666,38.0
691,2023-09-13,Close Position,lower,1449.2753623188405,1273.8853503184714,34.5,39.25
692,2023-09-14,Open Position,lower,1404.4944422215856,1297.690152714623,35.599998474121094,38.529998779296875
693,2023-09-25,Close Position,lower,1420.0511587644323,1260.7160915877462,35.209999084472656,39.65999984741211
694,2023-09-26,Open Position,upper,1439.677531213132,1276.1612968490679,34.72999954223633,39.18000030517578
695,2023-10-10,Close Position,upper,1490.3129996130726,1318.2177589694666,33.54999923706055,37.93000030517578
696,2023-10-11,Open Position,lower,1478.8523504615603,1298.7012987012988,33.810001373291016,38.5
697,2023-10-18,Close Position,lower,1511.9443744000243,1303.7810166730626,33.06999969482422,38.349998474121094
698,2023-10-19,Open Position,upper,1535.6264708580456,1303.7810166730626,32.560001373291016,38.349998474121094
699,2023-10-20,Close Position,upper,1541.7822858305701,1366.120275533719,32.43000030517578,36.599998474121094
700,2023-10-26,Open Position,upper,1583.2805611397948,1351.3513513513512,31.579999923706055,37.0
701,2023-10-31,Close Position,upper,1626.0162601626016,1420.454514667023,30.75,35.20000076293945
702,2023-11-01,Open Position,upper,1593.8794600689553,1324.8542071085374,31.3700008392334,37.7400016784668
703,2023-11-07,Close Position,upper,1557.632472796216,1328.0211945179408,32.099998474121094,37.650001525878906
704,2023-11-09,Open Position,upper,1617.0763220125118,1307.18954248366,30.920000076293945,38.25
705,2023-11-14,Close Position,upper,1552.3129904124492,1303.1014175622224,32.209999084472656,38.369998931884766
706,2023-11-15,Open Position,upper,1578.2828130791133,1253.4469983716053,31.68000030517578,39.88999938964844
707,2023-12-01,Close Position,upper,1604.1065087461143,1204.8192771084337,31.170000076293945,41.5
708,2023-12-05,Open Position,lower,1638.8069362473568,1243.781070922148,30.510000228881836,40.20000076293945
709,2023-12-12,Close Position,lower,1638.8069362473568,1197.6047904191616,30.510000228881836,41.75
710,2023-12-13,Open Position,upper,1632.9196155976265,1183.4319526627219,30.6200008392334,42.25
711,2023-12-19,Close Position,upper,1656.1775129349382,1209.189887426296,30.190000534057617,41.349998474121094
712,2023-12-21,Open Position,lower,1636.1256830427155,1204.8192771084337,30.559999465942383,41.5
713,2023-12-27,Close Position,lower,1638.8069362473568,1190.4761904761904,30.510000228881836,42.0
714,2023-12-28,Open Position,upper,1631.3213906133678,1149.4252873563219,30.649999618530273,43.5
715,2024-01-02,Close Position,upper,1623.9038166051203,1210.653775391175,30.790000915527344,41.29999923706055
716,2024-01-04,Open Position,lower,1612.9032258064517,1225.790607446805,31.0,40.790000915527344
717,2024-01-12,Close Position,lower,1555.20987953151,1190.4761904761904,32.150001525878906,42.0
718,2024-01-18,Open Position,lower,1529.5197950589109,1225.1898632065124,32.689998626708984,40.810001373291016
719,2024-01-24,Close Position,lower,1552.7949942643304,1207.7294240857766,32.20000076293945,41.400001525878906
720,2024-01-29,Open Position,upper,1499.7000531242932,1176.4705882352941,33.34000015258789,42.5
